age,female,urban,educ,year,median_x,lowerci_95,upperci_95
999,0,999,999,2018,39.41662535,38.46287406,40.52717781
999,1,999,999,2018,41.12253439,40.20209963,42.20830485
0.5,999,999,999,2018,46.92547386,45.00083281,49.04818017
1.5,999,999,999,2018,42.67452477,41.21011103,44.31082278
3.5,999,999,999,2018,40.21024194,38.91898925,41.54321624
7.5,999,999,999,2018,38.50726157,37.40258253,39.66127964
12.5,999,999,999,2018,38.08218424,37.05689195,39.13475184
17.5,999,999,999,2018,38.04960426,37.04504934,39.07448025
22.5,999,999,999,2018,38.05008297,37.11205282,39.10476592
27.5,999,999,999,2018,38.20965746,37.28854951,39.35178974
32.5,999,999,999,2018,38.83909031,37.87580583,40.17442966
37.5,999,999,999,2018,39.84223818,38.83282034,41.36612516
42.5,999,999,999,2018,40.39790996,39.3887388,41.95950408
47.5,999,999,999,2018,40.89315454,39.83996857,42.4054391
52.5,999,999,999,2018,41.66026213,40.59042312,43.17356658
57.5,999,999,999,2018,42.60939224,41.53046337,44.1651609
62.5,999,999,999,2018,43.29950931,42.182857,44.83184789
67.5,999,999,999,2018,43.81568913,42.70208055,45.27319827
72.5,999,999,999,2018,44.59853104,43.45179247,46.0098838
77.5,999,999,999,2018,46.46297666,45.22995662,47.80640237
82.5,999,999,999,2018,47.04123754,45.86612651,48.27056331
87.5,999,999,999,2018,47.57113555,46.46701402,48.67356864
92.5,999,999,999,2018,47.96642779,46.95875457,48.97510633
97.5,999,999,999,2018,48.70442193,47.67566118,49.70922348
999,999,0,999,2018,41.48157206,40.37577883,43.09847271
999,999,1,999,2018,39.18089916,38.27330585,40.16905382
999,999,999,1,2018,40.60043611,39.35960314,42.08373932
999,999,999,2,2018,40.26584957,39.33621351,41.47441396
999,999,999,3,2018,39.51011701,38.75572266,40.28677292
0.5,0,999,999,2018,46.41061186,44.41319423,48.56178903
1.5,0,999,999,2018,42.08056988,40.53667504,43.73392537
3.5,0,999,999,2018,39.56907945,38.23434989,40.96869488
7.5,0,999,999,2018,37.83837713,36.63457459,39.0452305
12.5,0,999,999,2018,37.39684257,36.21169098,38.55160441
17.5,0,999,999,2018,37.43316722,36.3166067,38.56413559
22.5,0,999,999,2018,37.44814841,36.41358096,38.58029278
27.5,0,999,999,2018,37.5650248,36.54422103,38.80715609
32.5,0,999,999,2018,38.15355054,37.09902319,39.59016141
37.5,0,999,999,2018,39.11496991,38.01109023,40.70651582
42.5,0,999,999,2018,39.60369482,38.51848087,41.2304622
47.5,0,999,999,2018,40.07929765,38.91299276,41.6536739
52.5,0,999,999,2018,40.78727413,39.59557156,42.37938366
57.5,0,999,999,2018,41.60834152,40.45836212,43.20566691
62.5,0,999,999,2018,42.25040375,41.01758829,43.86732523
67.5,0,999,999,2018,42.68207265,41.429034,44.23273281
72.5,0,999,999,2018,43.35872019,42.12492669,44.84919627
77.5,0,999,999,2018,45.22830056,43.85705956,46.6506996
82.5,0,999,999,2018,45.65580033,44.35510487,47.00890551
87.5,0,999,999,2018,45.9828105,44.71489199,47.2249146
92.5,0,999,999,2018,45.99813515,44.77989842,47.15286639
97.5,0,999,999,2018,46.31329465,45.05416278,47.52861628
0.5,1,999,999,2018,47.47985268,45.58604565,49.63240533
1.5,1,999,999,2018,43.32904238,41.81221532,44.99411671
3.5,1,999,999,2018,40.87555988,39.50459067,42.24859588
7.5,1,999,999,2018,39.23414171,38.02408059,40.47604403
12.5,1,999,999,2018,38.82024829,37.66104244,39.96773911
17.5,1,999,999,2018,38.72126504,37.62635864,39.86420399
22.5,1,999,999,2018,38.70244083,37.65215218,39.81552383
27.5,1,999,999,2018,38.90631063,37.91380186,40.08162664
32.5,1,999,999,2018,39.54869921,38.52990062,40.9253734
37.5,1,999,999,2018,40.59683384,39.51317367,42.14082088
42.5,1,999,999,2018,41.21220423,40.12104822,42.7541127
47.5,1,999,999,2018,41.73300038,40.62705492,43.29817299
52.5,1,999,999,2018,42.56008971,41.41604669,44.09754753
57.5,1,999,999,2018,43.61333169,42.45896829,45.17256374
62.5,1,999,999,2018,44.34104721,43.1659297,45.87883619
67.5,1,999,999,2018,44.884675,43.67709184,46.353196
72.5,1,999,999,2018,45.68358426,44.48704316,47.09990372
77.5,1,999,999,2018,47.46043878,46.22227608,48.79278134
82.5,1,999,999,2018,48.02608948,46.83855039,49.24039107
87.5,1,999,999,2018,48.52337179,47.43373331,49.60787835
92.5,1,999,999,2018,48.90552125,47.90091724,49.89259573
97.5,1,999,999,2018,49.56863046,48.5786764,50.54175986
999,0,0,999,2018,40.91005183,39.68544751,42.54429531
999,0,1,999,2018,38.08803083,37.14027205,39.12048555
999,1,0,999,2018,42.08616706,40.95615916,43.70077714
999,1,1,999,2018,40.28440901,39.34238462,41.29395343
999,0,999,1,2018,40.05130732,38.74976464,41.58288539
999,0,999,2,2018,39.385003,38.38770087,40.64046969
999,0,999,3,2018,38.07450106,37.2915971,38.8890002
999,1,999,1,2018,41.16681344,39.92384482,42.70773493
999,1,999,2,2018,41.15280398,40.1717632,42.38206407
999,1,999,3,2018,40.93675965,40.13596187,41.74475412
0.5,999,0,999,2018,46.40237414,44.09372538,49.06801667
1.5,999,0,999,2018,43.02375972,41.2412374,45.04488251
3.5,999,0,999,2018,41.28310325,39.74405325,42.96202345
7.5,999,0,999,2018,40.28809455,38.87986769,41.74402416
12.5,999,0,999,2018,40.07371718,38.69134298,41.52354681
17.5,999,0,999,2018,40.09927058,38.79059418,41.54033921
22.5,999,0,999,2018,39.98127579,38.7078557,41.5707333
27.5,999,0,999,2018,39.92656157,38.68955674,41.82485147
32.5,999,0,999,2018,40.35273206,39.12038727,42.54765594
37.5,999,0,999,2018,41.30415531,40.0165982,43.74625726
42.5,999,0,999,2018,41.65518583,40.38858543,44.12797787
47.5,999,0,999,2018,41.88764534,40.54204683,44.21438399
52.5,999,0,999,2018,42.53072841,41.15083548,44.89529222
57.5,999,0,999,2018,43.41535293,41.98910074,45.839212
62.5,999,0,999,2018,43.96308185,42.49019469,46.40511666
67.5,999,0,999,2018,44.32988666,42.80768752,46.63924507
72.5,999,0,999,2018,45.08565646,43.58123923,47.39790762
77.5,999,0,999,2018,46.92389044,45.1626357,49.07491249
82.5,999,0,999,2018,47.36330095,45.67875808,49.32054185
87.5,999,0,999,2018,47.87431577,46.21946857,49.66585678
92.5,999,0,999,2018,48.30339122,46.75313288,49.85230741
97.5,999,0,999,2018,49.2728302,47.74506403,50.84071184
0.5,999,1,999,2018,47.44031356,45.59012349,49.45138087
1.5,999,1,999,2018,42.3425191,40.90258499,43.97657522
3.5,999,1,999,2018,39.08027449,37.75150753,40.45335833
7.5,999,1,999,2018,36.70941039,35.55208634,37.94705779
12.5,999,1,999,2018,36.06597531,35.00459271,37.21121771
17.5,999,1,999,2018,35.99938186,34.99471082,37.09818266
22.5,999,1,999,2018,36.19057038,35.22155327,37.26803479
27.5,999,1,999,2018,36.63889322,35.69052019,37.70095216
32.5,999,1,999,2018,37.49864886,36.50584973,38.63434969
37.5,999,1,999,2018,38.58169081,37.59777337,39.82058224
42.5,999,1,999,2018,39.35500854,38.34419736,40.60537076
47.5,999,1,999,2018,40.09079065,39.0548493,41.34836708
52.5,999,1,999,2018,40.97591082,39.91778853,42.22314387
57.5,999,1,999,2018,42.00141757,40.96766811,43.22471587
62.5,999,1,999,2018,42.80357948,41.7872919,44.03547467
67.5,999,1,999,2018,43.4480747,42.40550819,44.61929178
72.5,999,1,999,2018,44.23793683,43.25193825,45.34370764
77.5,999,1,999,2018,46.14616955,45.08439435,47.27157768
82.5,999,1,999,2018,46.83746424,45.7995182,47.9338887
87.5,999,1,999,2018,47.38297792,46.41110889,48.40751375
92.5,999,1,999,2018,47.80627227,46.86364412,48.76374748
97.5,999,1,999,2018,48.48031116,47.48515992,49.43813715
0.5,999,999,1,2018,45.70262908,43.31790446,48.34870919
1.5,999,999,1,2018,42.26711979,40.36357478,44.38791104
3.5,999,999,1,2018,40.67686329,38.91159431,42.4923444
7.5,999,999,1,2018,39.57957092,38.03722283,41.24794744
12.5,999,999,1,2018,39.25741656,37.76430229,40.79638652
17.5,999,999,1,2018,39.26275704,37.83004454,40.78006995
22.5,999,999,1,2018,39.1120908,37.71451366,40.62073857
27.5,999,999,1,2018,39.05833024,37.70473948,40.68999773
32.5,999,999,1,2018,39.44342088,38.09808256,41.3083943
37.5,999,999,1,2018,40.26182156,38.88913655,42.38002402
42.5,999,999,1,2018,40.67511903,39.28564083,42.89645816
47.5,999,999,1,2018,41.01319,39.56355656,43.21222031
52.5,999,999,1,2018,41.64236373,40.20953186,43.90858112
57.5,999,999,1,2018,42.52252728,41.02352304,44.82531827
62.5,999,999,1,2018,43.1693934,41.63316177,45.55530852
67.5,999,999,1,2018,43.55566875,41.98842827,45.90283122
72.5,999,999,1,2018,44.27548282,42.63718171,46.59987794
77.5,999,999,1,2018,46.05401054,44.16790769,48.26159318
82.5,999,999,1,2018,46.52963513,44.66942946,48.55986642
87.5,999,999,1,2018,46.92737561,45.15950558,48.83594593
92.5,999,999,1,2018,47.220346,45.5083157,48.99464529
97.5,999,999,1,2018,47.94525708,46.23008231,49.71963854
0.5,999,999,2,2018,47.58902632,45.61736458,49.85982143
1.5,999,999,2,2018,43.03839118,41.57481975,44.69155362
3.5,999,999,2,2018,40.12065881,38.90782859,41.47918968
7.5,999,999,2,2018,38.29944257,37.25269614,39.40369627
12.5,999,999,2,2018,38.02339624,36.94007386,39.12850417
17.5,999,999,2,2018,38.01776233,36.96608712,39.17546591
22.5,999,999,2,2018,38.07501871,37.09539401,39.31613905
27.5,999,999,2,2018,38.13425972,37.15009425,39.59728907
32.5,999,999,2,2018,38.68876798,37.605257,40.37736036
37.5,999,999,2,2018,39.75078326,38.59512189,41.59362812
42.5,999,999,2,2018,40.25212297,39.12566093,42.05668889
47.5,999,999,2,2018,40.68972887,39.49963932,42.43840907
52.5,999,999,2,2018,41.49026342,40.27314742,43.17505421
57.5,999,999,2,2018,42.52591108,41.29280814,44.1946233
62.5,999,999,2,2018,43.27125868,41.99764402,44.90547376
67.5,999,999,2,2018,43.83045906,42.52203113,45.38753464
72.5,999,999,2,2018,44.68854085,43.40222319,46.16064703
77.5,999,999,2,2018,46.55910093,45.20572855,47.97887058
82.5,999,999,2,2018,47.16701341,45.87845011,48.44415817
87.5,999,999,2,2018,47.68815396,46.5146885,48.85254392
92.5,999,999,2,2018,48.20965255,47.10723923,49.28737451
97.5,999,999,2,2018,48.9878289,47.92662702,50.04492288
0.5,999,999,3,2018,49.25282126,47.79076205,50.84401035
1.5,999,999,3,2018,43.25453419,42.05005406,44.56281467
3.5,999,999,3,2018,38.9890889,37.92561116,40.08240291
7.5,999,999,3,2018,35.85387356,34.95339896,36.7871944
12.5,999,999,3,2018,34.87105268,33.9863343,35.73630476
17.5,999,999,3,2018,34.77454627,33.94791919,35.65282855
22.5,999,999,3,2018,35.3189859,34.54025719,36.16505682
27.5,999,999,3,2018,36.39145508,35.56406127,37.24139709
32.5,999,999,3,2018,37.74773126,36.84427358,38.67201283
37.5,999,999,3,2018,39.07445665,38.1726822,40.02313153
42.5,999,999,3,2018,40.05304184,39.15743148,40.9931939
47.5,999,999,3,2018,40.93190316,39.98521657,41.90745112
52.5,999,999,3,2018,41.90837361,40.9647022,42.89503265
57.5,999,999,3,2018,42.83801853,41.95723006,43.79719951
62.5,999,999,3,2018,43.53496979,42.61929155,44.47323484
67.5,999,999,3,2018,44.15209991,43.20316118,45.10027271
72.5,999,999,3,2018,44.84965858,43.94094146,45.79630212
77.5,999,999,3,2018,46.76418018,45.82002953,47.78055133
82.5,999,999,3,2018,47.38167387,46.33112514,48.45699928
87.5,999,999,3,2018,47.94467319,46.9669532,48.95744044
92.5,999,999,3,2018,48.20298601,47.16152787,49.23541816
97.5,999,999,3,2018,48.88657731,47.76189594,49.94901238
999,999,0,1,2018,41.8259877,40.38765977,43.77150881
999,999,0,2,2018,41.65644895,40.447468,43.56262434
999,999,0,3,2018,39.9727325,39.05040971,40.93494256
999,999,1,1,2018,39.19870724,37.84284984,40.72405382
999,999,1,2,2018,39.06926246,38.12596866,40.13508332
999,999,1,3,2018,39.2648457,38.50162644,40.09453544
0.5,0,0,999,2018,46.01053054,43.61722061,48.7341882
1.5,0,0,999,2018,42.55044229,40.61954468,44.69992368
3.5,0,0,999,2018,40.81394582,39.1725766,42.57043099
7.5,0,0,999,2018,39.78834539,38.13591745,41.33813241
12.5,0,0,999,2018,39.53305954,37.93759759,41.10221035
17.5,0,0,999,2018,39.68453439,38.17275271,41.25696832
22.5,0,0,999,2018,39.61679117,38.14881341,41.30657444
27.5,0,0,999,2018,39.51403563,38.05571809,41.52033436
32.5,0,0,999,2018,39.92575167,38.49711117,42.15933863
37.5,0,0,999,2018,40.86610815,39.36473265,43.40103494
42.5,0,0,999,2018,41.16947551,39.73194921,43.72013963
47.5,0,0,999,2018,41.34675484,39.85294004,43.78661666
52.5,0,0,999,2018,41.91743602,40.37364258,44.38567708
57.5,0,0,999,2018,42.73745416,41.1330588,45.27007236
62.5,0,0,999,2018,43.24698529,41.58749157,45.76495085
67.5,0,0,999,2018,43.53597371,41.82284463,45.95454962
72.5,0,0,999,2018,44.1807846,42.46504559,46.60505316
77.5,0,0,999,2018,46.03993458,44.05253805,48.36036908
82.5,0,0,999,2018,46.36238245,44.43114031,48.49280011
87.5,0,0,999,2018,46.74935708,44.8069185,48.80215417
92.5,0,0,999,2018,46.88470283,44.99768202,48.82626227
97.5,0,0,999,2018,47.64855162,45.66009024,49.7007489
0.5,0,1,999,2018,46.81544744,44.89154127,48.83370533
1.5,0,1,999,2018,41.61960935,40.10529284,43.29793493
3.5,0,1,999,2018,38.28908204,36.91682905,39.74305515
7.5,0,1,999,2018,35.87730096,34.64540352,37.14625017
12.5,0,1,999,2018,35.2380178,34.07836075,36.4644622
17.5,0,1,999,2018,35.18868097,34.12063043,36.3806
22.5,0,1,999,2018,35.37163718,34.34015442,36.51729525
27.5,0,1,999,2018,35.79640481,34.78405996,36.93347927
32.5,0,1,999,2018,36.6143606,35.54182403,37.81782944
37.5,0,1,999,2018,37.62961174,36.54718714,38.95090295
42.5,0,1,999,2018,38.33224509,37.2507265,39.65247387
47.5,0,1,999,2018,39.04801089,37.92903272,40.39574449
52.5,0,1,999,2018,39.88326457,38.78143119,41.22462226
57.5,0,1,999,2018,40.76656399,39.66290644,42.05628048
62.5,0,1,999,2018,41.49871173,40.36944527,42.79511995
67.5,0,1,999,2018,42.07819558,40.93049659,43.370527
72.5,0,1,999,2018,42.7978626,41.72689112,44.00695669
77.5,0,1,999,2018,44.66683304,43.48146576,45.92037637
82.5,0,1,999,2018,45.20735384,44.08715024,46.38698856
87.5,0,1,999,2018,45.54151048,44.44931545,46.63388597
92.5,0,1,999,2018,45.55270245,44.45696389,46.60715702
97.5,0,1,999,2018,45.69284527,44.54331897,46.83759272
0.5,1,0,999,2018,46.85816511,44.56487969,49.5044413
1.5,1,0,999,2018,43.53349198,41.66187165,45.64416656
3.5,1,0,999,2018,41.79827503,40.14966987,43.5391472
7.5,1,0,999,2018,40.83170177,39.31315872,42.37623236
12.5,1,0,999,2018,40.66820442,39.09123714,42.14612808
17.5,1,0,999,2018,40.58854554,39.11361912,42.08340182
22.5,1,0,999,2018,40.40586792,39.0103404,41.98529097
27.5,1,0,999,2018,40.39943659,39.05759448,42.25505136
32.5,1,0,999,2018,40.81541541,39.47314008,42.97931545
37.5,1,0,999,2018,41.78845437,40.42035639,44.20967208
42.5,1,0,999,2018,42.18891517,40.80212235,44.6535826
47.5,1,0,999,2018,42.45560883,41.05964538,44.83926865
52.5,1,0,999,2018,43.14233899,41.74268972,45.54163206
57.5,1,0,999,2018,44.12357803,42.65746963,46.59759962
62.5,1,0,999,2018,44.70072771,43.16735007,47.14746704
67.5,1,0,999,2018,45.10215224,43.57833684,47.41858209
72.5,1,0,999,2018,45.93351493,44.36759667,48.24784782
77.5,1,0,999,2018,47.65439401,45.93088838,49.80476539
82.5,1,0,999,2018,48.09720753,46.40238858,50.02174957
87.5,1,0,999,2018,48.59521371,46.96908954,50.32018478
92.5,1,0,999,2018,49.01441547,47.52655429,50.47893931
97.5,1,0,999,2018,49.90511378,48.44828698,51.39763824
0.5,1,1,999,2018,48.12471949,46.26812536,50.20943275
1.5,1,1,999,2018,43.1089328,41.60372204,44.77896972
3.5,1,1,999,2018,39.91659889,38.48173756,41.35999254
7.5,1,1,999,2018,37.59732701,36.37619091,38.9249048
12.5,1,1,999,2018,36.94773496,35.77256393,38.18502794
17.5,1,1,999,2018,36.87299388,35.74033391,38.0756145
22.5,1,1,999,2018,37.07052411,35.9767777,38.21593138
27.5,1,1,999,2018,37.53922059,36.48949645,38.65135142
32.5,1,1,999,2018,38.41852188,37.34101388,39.59798626
37.5,1,1,999,2018,39.5720268,38.48105332,40.84125955
42.5,1,1,999,2018,40.39650235,39.29028084,41.68647569
47.5,1,1,999,2018,41.14640492,40.03493613,42.46140677
52.5,1,1,999,2018,42.06341915,40.93355265,43.36842615
57.5,1,1,999,2018,43.21050249,42.07671998,44.49831158
62.5,1,1,999,2018,44.03675838,42.92022545,45.3122029
67.5,1,1,999,2018,44.69205907,43.59617935,45.89882187
72.5,1,1,999,2018,45.47351336,44.40259243,46.63599563
77.5,1,1,999,2018,47.28516108,46.17675996,48.43702518
82.5,1,1,999,2018,47.95153221,46.83903119,49.05727012
87.5,1,1,999,2018,48.45664418,47.45547707,49.50623552
92.5,1,1,999,2018,48.852436,47.88277351,49.87763598
97.5,1,1,999,2018,49.43871219,48.40791693,50.42563155
0.5,0,999,1,2018,45.32651648,42.80533503,48.03581153
1.5,0,999,1,2018,41.81893893,39.75014712,44.03892344
3.5,0,999,1,2018,40.1752609,38.34900688,42.20846911
7.5,0,999,1,2018,39.06701978,37.36487565,40.82858234
12.5,0,999,1,2018,38.70831017,37.04132583,40.39614284
17.5,0,999,1,2018,38.79323416,37.16731658,40.48332501
22.5,0,999,1,2018,38.70858,37.12661455,40.37602165
27.5,0,999,1,2018,38.61554346,37.06667716,40.39319874
32.5,0,999,1,2018,39.00336217,37.51988689,40.96761721
37.5,0,999,1,2018,39.82245509,38.27182998,42.04825086
42.5,0,999,1,2018,40.21591683,38.66387707,42.5298514
47.5,0,999,1,2018,40.55443983,38.93296172,42.82176861
52.5,0,999,1,2018,41.13923723,39.51927729,43.48954489
57.5,0,999,1,2018,41.91364,40.22827802,44.36948954
62.5,0,999,1,2018,42.49717928,40.77445306,44.97504494
67.5,0,999,1,2018,42.79628577,41.03229436,45.19258272
72.5,0,999,1,2018,43.35746668,41.55637992,45.74832978
77.5,0,999,1,2018,45.31512411,43.22312348,47.58534946
82.5,0,999,1,2018,45.68238373,43.59524775,47.86714631
87.5,0,999,1,2018,45.97630181,43.92811203,48.1281182
92.5,0,999,1,2018,45.96553054,43.93540367,48.06526703
97.5,0,999,1,2018,46.41598411,44.23708616,48.5429012
0.5,0,999,2,2018,46.97929593,44.96545996,49.32740408
1.5,0,999,2,2018,42.40099577,40.84328499,44.16723746
3.5,0,999,2,2018,39.5113104,38.17253316,40.9035842
7.5,0,999,2,2018,37.66639983,36.39363939,38.85443946
12.5,0,999,2,2018,37.34636492,36.10078048,38.57386135
17.5,0,999,2,2018,37.44503439,36.24791475,38.66628417
22.5,0,999,2,2018,37.50659312,36.40858157,38.85041303
27.5,0,999,2,2018,37.49425169,36.35237789,39.0191447
32.5,0,999,2,2018,38.00997096,36.77487905,39.81693315
37.5,0,999,2,2018,39.03513052,37.78500148,40.98591742
42.5,0,999,2,2018,39.4744686,38.18226905,41.38757849
47.5,0,999,2,2018,39.82165562,38.51987883,41.60892235
52.5,0,999,2,2018,40.51973803,39.14365037,42.2712573
57.5,0,999,2,2018,41.43563457,40.10032139,43.21919587
62.5,0,999,2,2018,42.13834322,40.69869048,43.90131303
67.5,0,999,2,2018,42.68551409,41.18037281,44.39431888
72.5,0,999,2,2018,43.425306,41.99108737,45.00015098
77.5,0,999,2,2018,45.18549881,43.67573431,46.72262256
82.5,0,999,2,2018,45.61729829,44.21751883,47.02310689
87.5,0,999,2,2018,45.95826792,44.60942818,47.25279239
92.5,0,999,2,2018,46.09069098,44.80605922,47.33677813
97.5,0,999,2,2018,46.4942848,45.14783383,47.78483504
0.5,0,999,3,2018,48.5181189,47.01063216,50.1611226
1.5,0,999,3,2018,42.31805344,41.04247465,43.63464115
3.5,0,999,3,2018,37.9424645,36.80863484,39.11805654
7.5,0,999,3,2018,34.75857169,33.76170714,35.76493448
12.5,0,999,3,2018,33.78712732,32.83079704,34.74484749
17.5,0,999,3,2018,33.66211982,32.75922971,34.61407011
22.5,0,999,3,2018,34.17221431,33.31869331,35.10788251
27.5,0,999,3,2018,35.28837543,34.35888951,36.25706378
32.5,0,999,3,2018,36.59099045,35.61735338,37.59056076
37.5,0,999,3,2018,37.77382285,36.77999768,38.81270214
42.5,0,999,3,2018,38.64395311,37.62758056,39.72172369
47.5,0,999,3,2018,39.55438602,38.51372707,40.69900467
52.5,0,999,3,2018,40.53806806,39.46950895,41.61427851
57.5,0,999,3,2018,41.36307319,40.39315709,42.42033045
62.5,0,999,3,2018,41.97288593,41.02843803,42.9998588
67.5,0,999,3,2018,42.53994218,41.51579137,43.5986475
72.5,0,999,3,2018,43.27020288,42.32824247,44.29681855
77.5,0,999,3,2018,45.14431023,44.02825858,46.2850555
82.5,0,999,3,2018,45.64647084,44.51271694,46.82673087
87.5,0,999,3,2018,45.99032002,44.88127745,47.13058403
92.5,0,999,3,2018,45.86795843,44.69799686,47.0103943
97.5,0,999,3,2018,46.06880317,44.78184559,47.33296587
0.5,1,999,1,2018,46.13315893,43.65510524,48.83284387
1.5,1,999,1,2018,42.76817356,40.72969748,44.93365729
3.5,1,999,1,2018,41.18153618,39.26938768,43.09691846
7.5,1,999,1,2018,40.14425432,38.40830533,41.92939477
12.5,1,999,1,2018,39.85343844,38.16065944,41.53139118
17.5,1,999,1,2018,39.7867751,38.24208631,41.42395033
22.5,1,999,1,2018,39.56809625,38.07380878,41.17822392
27.5,1,999,1,2018,39.52628967,38.10032736,41.23025862
32.5,1,999,1,2018,39.91731507,38.47030245,41.87659617
37.5,1,999,1,2018,40.74581453,39.2457992,42.85289493
42.5,1,999,1,2018,41.15565364,39.67922376,43.37975641
47.5,1,999,1,2018,41.50216223,39.9920133,43.73684106
52.5,1,999,1,2018,42.16305772,40.67152065,44.44310751
57.5,1,999,1,2018,43.13650574,41.55251763,45.47972088
62.5,1,999,1,2018,43.84615545,42.21355124,46.1928401
67.5,1,999,1,2018,44.30421119,42.6750225,46.62299302
72.5,1,999,1,2018,45.13203321,43.39927676,47.46955305
77.5,1,999,1,2018,46.714962,44.77150561,48.9549636
82.5,1,999,1,2018,47.18297012,45.34324087,49.20917238
87.5,1,999,1,2018,47.54920515,45.74761088,49.4167826
92.5,1,999,1,2018,47.89088783,46.22509874,49.60667789
97.5,1,999,1,2018,48.58075825,46.94392705,50.36532417
0.5,1,999,2,2018,48.20900312,46.2677982,50.48467138
1.5,1,999,2,2018,43.72403787,42.19860108,45.41760518
3.5,1,999,2,2018,40.80088463,39.46011677,42.19703496
7.5,1,999,2,2018,39.00080897,37.82810104,40.19603321
12.5,1,999,2,2018,38.76341826,37.58144638,39.88085531
17.5,1,999,2,2018,38.64933782,37.42636232,39.89216147
22.5,1,999,2,2018,38.70677214,37.55673871,39.96601817
27.5,1,999,2,2018,38.84059574,37.71762131,40.27027621
32.5,1,999,2,2018,39.40935253,38.24962453,41.07620706
37.5,1,999,2,2018,40.49095718,39.26852768,42.32477544
42.5,1,999,2,2018,41.08656762,39.82695677,42.87613491
47.5,1,999,2,2018,41.58791009,40.284819,43.36432835
52.5,1,999,2,2018,42.48375405,41.13958966,44.20475042
57.5,1,999,2,2018,43.63407676,42.28748176,45.33308388
62.5,1,999,2,2018,44.36925909,42.96724588,46.07513002
67.5,1,999,2,2018,44.90636266,43.53970185,46.49127125
72.5,1,999,2,2018,45.78137777,44.46946022,47.29241203
77.5,1,999,2,2018,47.63005525,46.26373683,49.06182442
82.5,1,999,2,2018,48.24871606,46.95143877,49.56384187
87.5,1,999,2,2018,48.73933474,47.53121601,49.92512393
92.5,1,999,2,2018,49.21397122,48.11796815,50.30157584
97.5,1,999,2,2018,49.87316224,48.80065094,50.94176471
0.5,1,999,3,2018,50.062578,48.51735063,51.70850628
1.5,1,999,3,2018,44.25160391,42.95788008,45.62379933
3.5,1,999,3,2018,40.07709229,38.91003507,41.31242955
7.5,1,999,3,2018,37.02010531,36.01214377,38.04539262
12.5,1,999,3,2018,36.0127845,35.03302225,36.98236996
17.5,1,999,3,2018,35.97199283,34.99709463,36.97122751
22.5,1,999,3,2018,36.53754724,35.64246636,37.46278149
27.5,1,999,3,2018,37.55522008,36.62839277,38.485181
32.5,1,999,3,2018,38.94638021,37.96013778,39.98046242
37.5,1,999,3,2018,40.40698795,39.42814164,41.46721778
42.5,1,999,3,2018,41.48431294,40.45547616,42.50342662
47.5,1,999,3,2018,42.31446604,41.27420255,43.40272356
52.5,1,999,3,2018,43.28247335,42.20043756,44.38168716
57.5,1,999,3,2018,44.27308235,43.25915117,45.34743564
62.5,1,999,3,2018,44.99235809,43.89722109,46.04272648
67.5,1,999,3,2018,45.56495776,44.49268221,46.66698136
72.5,1,999,3,2018,46.17870537,45.11976115,47.2292326
77.5,1,999,3,2018,48.00401152,46.91280145,49.11278619
82.5,1,999,3,2018,48.54792825,47.3697686,49.75490317
87.5,1,999,3,2018,49.03590615,47.9523322,50.1525322
92.5,1,999,3,2018,49.24031603,48.11532419,50.39154395
97.5,1,999,3,2018,49.81500256,48.60095026,50.92539353
999,0,0,1,2018,41.40036396,39.86792179,43.42738666
999,0,0,2,2018,41.09808875,39.80117546,43.12759913
999,0,0,3,2018,38.83675304,37.85748632,39.84589711
999,0,1,1,2018,38.49319421,37.09848255,40.10254221
999,0,1,2,2018,37.91139589,36.9303869,39.05388546
999,0,1,3,2018,37.67440584,36.86747675,38.52792321
999,1,0,1,2018,42.26542842,40.8283404,44.29038127
999,1,0,2,2018,42.24879561,41.00025456,44.1455452
999,1,0,3,2018,41.11612418,40.13328802,42.11155348
999,1,1,1,2018,39.91651142,38.52345734,41.45120188
999,1,1,2,2018,40.23826321,39.24267772,41.33414241
999,1,1,3,2018,40.84083648,40.01503339,41.69859823
0.5,999,0,1,2018,45.50501231,42.77808998,48.55910643
1.5,999,0,1,2018,42.62984389,40.4675936,45.23003592
3.5,999,0,1,2018,41.60271511,39.61582585,43.70597005
7.5,999,0,1,2018,41.07075978,39.18619417,43.00107757
12.5,999,0,1,2018,40.78064001,38.91964388,42.69569311
17.5,999,0,1,2018,40.83732247,39.11936269,42.6720036
22.5,999,0,1,2018,40.68533864,38.93117802,42.68995657
27.5,999,0,1,2018,40.59762995,38.91123348,42.96645014
32.5,999,0,1,2018,40.88683233,39.22994417,43.59185553
37.5,999,0,1,2018,41.6300162,39.96390254,44.61364036
42.5,999,0,1,2018,41.95185855,40.28913746,45.06919671
47.5,999,0,1,2018,42.13985342,40.40762316,45.18533817
52.5,999,0,1,2018,42.68905023,40.97827598,45.83019823
57.5,999,0,1,2018,43.5522922,41.74120159,46.82621828
62.5,999,0,1,2018,44.131072,42.26872859,47.38617954
67.5,999,0,1,2018,44.41793705,42.48768303,47.54795672
72.5,999,0,1,2018,45.12371926,43.1334882,48.34898849
77.5,999,0,1,2018,46.75086558,44.37571429,49.83068872
82.5,999,0,1,2018,47.22115997,44.85330128,50.14175697
87.5,999,0,1,2018,47.71493327,45.37541083,50.49067623
92.5,999,0,1,2018,48.2668448,45.8363397,50.85063751
97.5,999,0,1,2018,49.26535983,46.85155042,52.04544924
0.5,999,0,2,2018,47.29283194,44.972691,50.27082932
1.5,999,0,2,2018,43.64299428,41.86850582,45.84141315
3.5,999,0,2,2018,41.38383964,39.83507885,43.1382511
7.5,999,0,2,2018,40.1886658,38.69338637,41.69910707
12.5,999,0,2,2018,40.21937655,38.66959281,41.70446491
17.5,999,0,2,2018,40.30628737,38.76976802,42.03591933
22.5,999,0,2,2018,40.22279272,38.79984816,42.22081399
27.5,999,0,2,2018,40.02911518,38.66458116,42.40523404
32.5,999,0,2,2018,40.382523,39.03783105,43.11989795
37.5,999,0,2,2018,41.43440006,39.9774043,44.39419284
42.5,999,0,2,2018,41.72220432,40.21708598,44.60593481
47.5,999,0,2,2018,41.87945491,40.34793354,44.52982369
52.5,999,0,2,2018,42.55587121,40.97840857,45.16674949
57.5,999,0,2,2018,43.53361544,41.92642219,46.16884104
62.5,999,0,2,2018,44.08739486,42.39975998,46.71634434
67.5,999,0,2,2018,44.49733805,42.70793087,46.99411241
72.5,999,0,2,2018,45.29306682,43.51750086,47.75805826
77.5,999,0,2,2018,47.22979714,45.27211577,49.48981188
82.5,999,0,2,2018,47.68333139,45.78408507,49.70313053
87.5,999,0,2,2018,48.16349527,46.33831423,49.97175797
92.5,999,0,2,2018,48.62701154,46.91289315,50.2779402
97.5,999,0,2,2018,49.70347196,47.98929432,51.35663989
0.5,999,0,3,2018,48.14890476,46.38754838,50.03507159
1.5,999,0,3,2018,43.10770278,41.5842721,44.6437487
3.5,999,0,3,2018,39.69074681,38.33734259,41.04601738
7.5,999,0,3,2018,37.24828031,36.05382582,38.43782273
12.5,999,0,3,2018,36.69417227,35.48125003,37.87081348
17.5,999,0,3,2018,36.62514873,35.49676335,37.79180621
22.5,999,0,3,2018,36.7905619,35.7150962,37.9043454
27.5,999,0,3,2018,37.4079603,36.27953112,38.55476202
32.5,999,0,3,2018,38.56151583,37.37913389,39.7734952
37.5,999,0,3,2018,39.96055084,38.80655243,41.20792591
42.5,999,0,3,2018,40.62586631,39.48606228,41.86122794
47.5,999,0,3,2018,41.11464831,39.93337929,42.37790654
52.5,999,0,3,2018,41.90511926,40.71983573,43.16076715
57.5,999,0,3,2018,42.78214136,41.59990799,44.03623511
62.5,999,0,3,2018,43.33915479,42.17579783,44.5816556
67.5,999,0,3,2018,43.83737262,42.6886577,45.13049054
72.5,999,0,3,2018,44.69387559,43.58844277,45.8600506
77.5,999,0,3,2018,46.60789449,45.43979322,47.82376628
82.5,999,0,3,2018,47.03347801,45.83981588,48.23651199
87.5,999,0,3,2018,47.60129862,46.54160291,48.75200195
92.5,999,0,3,2018,47.80366268,46.74082565,48.84960407
97.5,999,0,3,2018,48.582636,47.54427996,49.63526675
0.5,999,1,1,2018,45.9472283,43.48831451,48.57222148
1.5,999,1,1,2018,41.79515951,39.78455722,44.07132197
3.5,999,1,1,2018,39.44527127,37.57161952,41.51108986
7.5,999,1,1,2018,37.70764717,35.96766236,39.62071702
12.5,999,1,1,2018,37.33949217,35.72499158,39.07465055
17.5,999,1,1,2018,37.29639578,35.78255765,38.99569127
22.5,999,1,1,2018,37.21149645,35.7251938,38.88757128
27.5,999,1,1,2018,37.2747168,35.82989746,38.9055432
32.5,999,1,1,2018,37.83100977,36.39072908,39.5604909
37.5,999,1,1,2018,38.78229735,37.31325442,40.68941611
42.5,999,1,1,2018,39.32685498,37.81989751,41.19506257
47.5,999,1,1,2018,39.85728918,38.36883186,41.76592361
52.5,999,1,1,2018,40.55404288,38.98818299,42.4483291
57.5,999,1,1,2018,41.45825461,39.90598501,43.41812313
62.5,999,1,1,2018,42.20529747,40.62801986,44.18532541
67.5,999,1,1,2018,42.72220498,41.15053576,44.66273827
72.5,999,1,1,2018,43.45313476,41.8800479,45.37013446
77.5,999,1,1,2018,45.35229147,43.63693927,47.2226911
82.5,999,1,1,2018,45.88671078,44.25074361,47.68154373
87.5,999,1,1,2018,46.25251405,44.70002086,47.93477339
92.5,999,1,1,2018,46.45362045,44.96446612,48.06290296
97.5,999,1,1,2018,47.02866992,45.52651488,48.72631107
0.5,999,1,2,2018,47.83926481,45.91235166,49.90497769
1.5,999,1,2,2018,42.43445758,40.96068123,44.06283617
3.5,999,1,2,2018,38.89340117,37.61266541,40.23312777
7.5,999,1,2,2018,36.48327157,35.41330202,37.65737247
12.5,999,1,2,2018,35.91174215,34.82894628,37.04945597
17.5,999,1,2,2018,35.8548712,34.85845243,36.9667753
22.5,999,1,2,2018,36.1009592,35.094547,37.25623349
27.5,999,1,2,2018,36.4652138,35.43329604,37.68376058
32.5,999,1,2,2018,37.21662362,36.11554196,38.53139848
37.5,999,1,2,2018,38.32537669,37.18620922,39.71595614
42.5,999,1,2,2018,39.05443959,37.90457802,40.49549746
47.5,999,1,2,2018,39.75824881,38.55735214,41.190097
52.5,999,1,2,2018,40.64397113,39.43917687,42.08981822
57.5,999,1,2,2018,41.77065835,40.57512846,43.14876813
62.5,999,1,2,2018,42.61678677,41.4406084,43.97537194
67.5,999,1,2,2018,43.34949583,42.17903972,44.68938402
72.5,999,1,2,2018,44.23505134,43.12804852,45.46914933
77.5,999,1,2,2018,46.0912873,44.91790713,47.306989
82.5,999,1,2,2018,46.85083066,45.72955481,47.99196277
87.5,999,1,2,2018,47.45296443,46.41973114,48.52205055
92.5,999,1,2,2018,48.02355899,46.97173214,49.06253913
97.5,999,1,2,2018,48.70107834,47.70388277,49.72071477
0.5,999,1,3,2018,49.94087111,48.45562733,51.5408572
1.5,999,1,3,2018,43.34733933,42.093209,44.67650927
3.5,999,1,3,2018,38.55603156,37.5015231,39.70875954
7.5,999,1,3,2018,35.01681073,34.11818772,35.97198819
12.5,999,1,3,2018,33.78747015,32.89704584,34.73290042
17.5,999,1,3,2018,33.71113904,32.82358344,34.63023654
22.5,999,1,3,2018,34.49540116,33.67236919,35.40934406
27.5,999,1,3,2018,35.83781267,34.96299614,36.75670496
32.5,999,1,3,2018,37.31380448,36.36074889,38.26456508
37.5,999,1,3,2018,38.61841644,37.66126665,39.60364993
42.5,999,1,3,2018,39.75834766,38.79042884,40.75277339
47.5,999,1,3,2018,40.83288298,39.85899804,41.90103179
52.5,999,1,3,2018,41.91155675,40.90888197,42.95595312
57.5,999,1,3,2018,42.87038791,41.93573835,43.87673742
62.5,999,1,3,2018,43.63446581,42.65519819,44.62216868
67.5,999,1,3,2018,44.27119686,43.28445882,45.29629728
72.5,999,1,3,2018,44.91327677,43.93224308,45.91299384
77.5,999,1,3,2018,46.81841242,45.76104575,47.94056783
82.5,999,1,3,2018,47.51206079,46.37608134,48.71374919
87.5,999,1,3,2018,48.05372489,46.94009563,49.2026485
92.5,999,1,3,2018,48.32353298,47.18075935,49.48774111
97.5,999,1,3,2018,48.9718645,47.69395662,50.15932236
999,999,999,999,2018,40.25905699,39.37797796,41.30508719